Pay order cnt,Priority 0,Priority 1,Priority 2,Priority 3,Priority 4,Priority 5
month,New Rs,Priority 1,Priority 2,Priority 3,Priority 4,Priority 5
1,13135,4190,253776,44947,51708,26431
2,14778,2610,225634,51929,46456,34524
3,21661,204300,101637,10525,68057,34301
4,21810,203729,124387,5488,51125,26257
5,27584,241025,124916,6687,75326,31417
6,26535,262477,165623,22160,53139,28445
7,23553,286012,158271,20660,49095,24395
8,29643,313088,178053,20949,53154,19671
9,29018,304374,181751,23170,47272,21982
